experiment,method,condition,metric,value,units
filtering,convolve2d_manual_vs_cv2.GaussianBlur,size=5_sigma=1.0,mean_abs_error,3.1537702227524285e-08,intensity
filtering,convolve2d_manual_vs_cv2.GaussianBlur,size=9_sigma=2.0,mean_abs_error,7.610257313217519e-08,intensity
filtering,convolve2d_manual_vs_cv2.GaussianBlur,size=15_sigma=3.0,mean_abs_error,1.182492894713505e-07,intensity
filtering,sharpen_image,amount=0.0_sigma=1.2,out_of_range_fraction,0.0,fraction
filtering,sharpen_image,amount=1.0_sigma=1.2,out_of_range_fraction,0.1785286438335125,fraction
filtering,sharpen_image,amount=2.0_sigma=1.2,out_of_range_fraction,0.2736087646546869,fraction
filtering,sharpen_image,amount=4.0_sigma=1.2,out_of_range_fraction,0.2876875031997133,fraction
denoising,gaussian_blur,gaussian_noise,mse,0.0097780129233887,intensity^2
denoising,gaussian_blur,gaussian_noise,rmse,0.0988838355009993,intensity
denoising,gaussian_blur,gaussian_noise,psnr,20.09749393074157,dB
denoising,gaussian_blur,gaussian_noise,ssim,0.725251601388315,ratio
denoising,median,gaussian_noise,mse,0.0038340379179675,intensity^2
denoising,median,gaussian_noise,rmse,0.0619196085094826,intensity
denoising,median,gaussian_noise,psnr,24.16343596339891,dB
denoising,median,gaussian_noise,ssim,0.8133168205847916,ratio
denoising,bilateral,gaussian_noise,mse,0.0005939499347269,intensity^2
denoising,bilateral,gaussian_noise,rmse,0.024371088090746,intensity
denoising,bilateral,gaussian_noise,psnr,32.26250161059544,dB
denoising,bilateral,gaussian_noise,ssim,0.8019406011398997,ratio
denoising,gaussian_blur,impulse_noise,mse,0.0124194522548477,intensity^2
denoising,gaussian_blur,impulse_noise,rmse,0.1114425962316374,intensity
denoising,gaussian_blur,impulse_noise,psnr,19.05897557778021,dB
denoising,gaussian_blur,impulse_noise,ssim,0.5614229349103205,ratio
denoising,median,impulse_noise,mse,0.0053316389284456,intensity^2
denoising,median,impulse_noise,rmse,0.0730180726152482,intensity
denoising,median,impulse_noise,psnr,22.731392697407976,dB
denoising,median,impulse_noise,ssim,0.9635276607215538,ratio
denoising,bilateral,impulse_noise,mse,0.0206174635641039,intensity^2
denoising,bilateral,impulse_noise,rmse,0.1435878252642052,intensity
denoising,bilateral,impulse_noise,psnr,16.857647642644114,dB
denoising,bilateral,impulse_noise,ssim,0.4342751709085347,ratio
contrast,normalize_contrast,exposure_under,mean_intensity,0.3234313726425171,intensity
contrast,normalize_contrast,exposure_under,clipped_fraction,0.0851382080954065,fraction
contrast,gamma_0.5,exposure_under,mean_intensity,0.3619213402271271,intensity
contrast,gamma_0.5,exposure_under,clipped_fraction,0.0,fraction
contrast,gamma_1.5,exposure_under,mean_intensity,0.0612131170928478,intensity
contrast,gamma_1.5,exposure_under,clipped_fraction,0.0,fraction
contrast,histogram_equalize_gray,exposure_under_gray,mean_intensity,0.132251092159538,intensity
pyramid,reconstruct_laplacian_pyramid,color_scene_levels4,max_abs_error,1.4901161193847656e-08,intensity
pyramid,reconstruct_laplacian_pyramid,color_scene_levels4,mean_abs_error,1.8900355239215288e-11,intensity
blending,direct_blend,blend,seam_gradient,0.001588397892192,intensity
blending,laplacian_pyramid_blend,blend,seam_gradient,0.0013939953641965,intensity
blending,direct_blend,blend3,seam_gradient,0.0048981457948684,intensity
blending,laplacian_pyramid_blend,blend3,seam_gradient,0.0066212518140673,intensity
blending,laplacian_pyramid_blend,blend3_poor_levels1,seam_gradient,0.0048981457948684,intensity
failure,sharpen_image,amount=8.0,out_of_range_fraction,0.3166538678134439,fraction
failure,sharpen_image,amount=1.0,out_of_range_fraction,0.1785286438335125,fraction
failure,normalize_contrast,low=45.0_high=55.0,clipped_fraction,0.9239712298078055,fraction
failure,normalize_contrast,low=2.0_high=98.0,clipped_fraction,0.0851382080954065,fraction
extension,sharpen_rgb_naive,amount=2.0,out_of_range_fraction,0.019229538295686157,fraction
extension,sharpen_luminance,amount=2.0,out_of_range_fraction,0.01843448380413361,fraction
